<?xml version="1.0"?>
<doc>
    <assembly>
        <name>JoyAdmin.Application</name>
    </assembly>
    <members>
        <member name="T:JoyAdmin.Application.LoginInput">
            <summary>
            登录输入参数
            </summary>
        </member>
        <member name="P:JoyAdmin.Application.LoginInput.Account">
            <summary>
            用户名
            </summary>
        </member>
        <member name="P:JoyAdmin.Application.LoginInput.Password">
            <summary>
            密码
            </summary>
        </member>
        <member name="P:JoyAdmin.Application.RoleDto.Name">
            <summary>
            角色名称
            </summary>
        </member>
        <member name="P:JoyAdmin.Application.RoleDto.Remark">
            <summary>
            角色描述
            </summary>
        </member>
        <member name="P:JoyAdmin.Application.SecurityDto.Id">
            <summary>
            id
            </summary>
        </member>
        <member name="P:JoyAdmin.Application.SecurityDto.UniqueCode">
            <summary>
            唯一权限编码
            </summary>
        </member>
        <member name="P:JoyAdmin.Application.SecurityDto.UniqueName">
            <summary>
            权限唯一名 
            </summary>
        </member>
        <member name="T:JoyAdmin.Application.UpdatePwdInput">
            <summary>
            登录输入参数
            </summary>
        </member>
        <member name="P:JoyAdmin.Application.UpdatePwdInput.OldPassword">
            <summary>
            密码
            </summary>
        </member>
        <member name="P:JoyAdmin.Application.UpdatePwdInput.Password">
            <summary>
            密码
            </summary>
        </member>
        <member name="T:JoyAdmin.Application.UserDto">
            <summary>
            登录输出参数
            </summary>
        </member>
        <member name="P:JoyAdmin.Application.UserDto.Id">
            <summary>
            用户Id
            </summary>
        </member>
        <member name="P:JoyAdmin.Application.UserDto.Account">
            <summary>
            账号
            </summary>
        </member>
        <member name="P:JoyAdmin.Application.UserDto.Name">
            <summary>
            名称
            </summary>
        </member>
        <member name="P:JoyAdmin.Application.UserDto.Phone">
            <summary>
            联系方式
            </summary>
        </member>
        <member name="P:JoyAdmin.Application.UserDto.LinkPost">
            <summary>
            职位
            </summary>
        </member>
        <member name="P:JoyAdmin.Application.UserDto.Remark">
            <summary>
            备注
            </summary>
        </member>
        <member name="P:JoyAdmin.Application.UserDto.Token">
            <summary>
            Token
            </summary>
        </member>
        <member name="P:JoyAdmin.Application.UserDto.Access">
            <summary>
            权限列表
            </summary>
        </member>
        <member name="P:JoyAdmin.Application.UserInput.keyword">
            <summary>
            查询关键字
            </summary>
        </member>
        <member name="T:JoyAdmin.Application.RBACService">
            <summary>
            角色管理服务
            </summary>
        </member>
        <member name="M:JoyAdmin.Application.RBACService.Login(JoyAdmin.Application.LoginInput)">
            <summary>
            登录（免授权）
            </summary>
            <param name="input"></param>
            <remarks>管理员：admin/654321；</remarks>
            <returns></returns>
        </member>
        <member name="M:JoyAdmin.Application.RBACService.GetUserInfo">
            <summary>
            查看用户信息
            </summary>
        </member>
        <member name="M:JoyAdmin.Application.RBACService.GetAuth">
            <summary>
            权限列表
            </summary> 
        </member>
        <member name="M:JoyAdmin.Application.RBACService.SaveAuth(JoyAdmin.Application.SecurityDto)">
            <summary>
            保存权限
            </summary>
        </member>
        <member name="M:JoyAdmin.Application.RBACService.DeleteAuth(System.Int64)">
            <summary>
            删除权限
            </summary>
        </member>
        <member name="M:JoyAdmin.Application.RBACService.GetRole">
            <summary>
            角色列表
            </summary> 
        </member>
        <member name="M:JoyAdmin.Application.RBACService.GetAuthByRoleId(System.Int64)">
            <summary>
            获取某个角色的权限
            </summary>
        </member>
        <member name="M:JoyAdmin.Application.RBACService.SaveRole(JoyAdmin.Application.RoleDto)">
            <summary>
            保存角色
            </summary>
        </member>
        <member name="M:JoyAdmin.Application.RBACService.DeleteRole(System.Int64)">
            <summary>
            删除角色
            </summary>
        </member>
        <member name="M:JoyAdmin.Application.RBACService.GiveRoleSecurity(JoyAdmin.Application.RoleSecurityInput)">
            <summary>
            为角色分配权限
            </summary>
        </member>
        <member name="M:JoyAdmin.Application.RBACService.SearchEmployee(JoyAdmin.Application.UserInput)">
            <summary>
            查询员工
            </summary>
            <param name="input"></param>
            <returns></returns>
        </member>
        <member name="M:JoyAdmin.Application.RBACService.SaveEmployee(JoyAdmin.Application.UserDto)">
            <summary>
            保存员工
            </summary>
        </member>
        <member name="M:JoyAdmin.Application.RBACService.DeleteEmployee(System.Int64)">
            <summary>
            删除员工
            </summary>
        </member>
        <member name="M:JoyAdmin.Application.RBACService.GetRoleByUserId(System.Int64)">
            <summary>
            获取某个员工的角色
            </summary>
        </member>
        <member name="M:JoyAdmin.Application.RBACService.GiveUserRole(JoyAdmin.Application.UserRoleInput)">
            <summary>
            为用户分配角色
            </summary>
        </member>
        <member name="M:JoyAdmin.Application.RBACService.UpdatePwd(JoyAdmin.Application.UpdatePwdInput)">
            <summary>
            修改密码
            </summary>
            <param name="input"></param>
            <returns></returns>
        </member>
        <member name="M:JoyAdmin.Application.RBACService.ResetPwd(System.Int64)">
            <summary>
            重置密码
            </summary>
            <param name="userid"></param>
            <returns></returns>
        </member>
        <member name="M:JoyAdmin.Application.System.SystemService.GetTestError">
            <summary>
            测试错误
            </summary>
        </member>
        <member name="M:JoyAdmin.Application.System.SystemService.SaveErrorLogger(System.Object)">
            <summary>
            保存前端错误
            </summary>
        </member>
        <member name="M:JoyAdmin.Application.System.SystemService.testvoid">
            <summary>
            测试void
            </summary>
        </member>
        <member name="M:JoyAdmin.Application.UploadData.MachineDataService.UploadData(JoyAdmin.Application.UploadData.Dtos.UploadDataDto)">
            <summary>
            上传数据
            </summary>
            <param name="uploadData"></param>
            <returns></returns>
        </member>
        <member name="M:JoyAdmin.Application.UploadData.MachineDataService.BindShellCode(JoyAdmin.Application.UploadData.Dtos.ShellCodeBindingDto)">
            <summary>
            绑定二维码
            </summary>
            <param name="shellCodeBindingDto">绑定参数</param>
            <returns></returns>
        </member>
        <member name="M:JoyAdmin.Application.UploadData.MachineDataService.Get(System.String)">
            <summary>
            根据二维码获取所有测试数据
            </summary>
            <param name="code"></param>
            <returns></returns>
        </member>
    </members>
</doc>
