<?xml version="1.0"?>
<doc>
    <assembly>
        <name>JoyAdmin.Core</name>
    </assembly>
    <members>
        <member name="F:JoyAdmin.Core.ClaimConst.CLAINM_USERID">
            <summary>
            用户Id
            </summary>
        </member>
        <member name="F:JoyAdmin.Core.ClaimConst.CLAINM_ACCOUNT">
            <summary>
            账号
            </summary>
        </member>
        <member name="F:JoyAdmin.Core.ClaimConst.CLAINM_NAME">
            <summary>
            名称
            </summary>
        </member>
        <member name="F:JoyAdmin.Core.CommonConst.DEFAULT_PASSWORD">
            <summary>
            默认密码
            </summary>
        </member>
        <member name="F:JoyAdmin.Core.CommonConst.CACHE_KEY_USER">
            <summary>
            用户缓存
            </summary>
        </member>
        <member name="F:JoyAdmin.Core.CommonConst.CACHE_KEY_PERMISSION">
            <summary>
            权限缓存
            </summary>
        </member>
        <member name="T:JoyAdmin.Core.BaseEntity">
            <summary>
            业务Entity基类
            </summary>
        </member>
        <member name="P:JoyAdmin.Core.BaseEntity.Id">
            <summary>
            主键Id
            </summary>
        </member>
        <member name="P:JoyAdmin.Core.BaseEntity.CreatedTime">
            <summary>
            创建时间
            </summary> 
        </member>
        <member name="P:JoyAdmin.Core.BaseEntity.CreatedUserId">
            <summary>
            创建人Id
            </summary> 
        </member>
        <member name="P:JoyAdmin.Core.BaseEntity.CreatedUser">
            <summary>
            创建人姓名
            </summary>
        </member>
        <member name="P:JoyAdmin.Core.BaseEntity.ModifiedTime">
            <summary>
            修改时间
            </summary> 
        </member>
        <member name="P:JoyAdmin.Core.BaseEntity.ModifiedUserId">
            <summary>
            修改人Id
            </summary> 
        </member>
        <member name="P:JoyAdmin.Core.BaseEntity.ModifiedUser">
            <summary>
            修改人姓名
            </summary>
        </member>
        <member name="P:JoyAdmin.Core.BaseEntity.IsDeleted">
            <summary>
            删除标志
            </summary>
        </member>
        <member name="T:JoyAdmin.Core.Role">
            <summary>
            角色表
            </summary>
        </member>
        <member name="P:JoyAdmin.Core.Role.Name">
            <summary>
            角色名称
            </summary>
        </member>
        <member name="P:JoyAdmin.Core.Role.Remark">
            <summary>
            角色描述
            </summary>
        </member>
        <member name="P:JoyAdmin.Core.Role.Sort">
            <summary>
            排序  
            </summary>
        </member>
        <member name="P:JoyAdmin.Core.Role.Users">
            <summary>
            多对多
            </summary>
        </member>
        <member name="P:JoyAdmin.Core.Role.UserRoles">
            <summary>
            多对多中间表
            </summary>
        </member>
        <member name="P:JoyAdmin.Core.Role.Securities">
            <summary>
            多对多
            </summary>
        </member>
        <member name="P:JoyAdmin.Core.Role.RoleSecurities">
            <summary>
            多对多中间表
            </summary>
        </member>
        <member name="M:JoyAdmin.Core.Role.Configure(Microsoft.EntityFrameworkCore.Metadata.Builders.EntityTypeBuilder{JoyAdmin.Core.Role},Microsoft.EntityFrameworkCore.DbContext,System.Type)">
            <summary>
            配置多对多关系
            </summary>
            <param name="entityBuilder"></param>
            <param name="dbContext"></param>
            <param name="dbContextLocator"></param>
        </member>
        <member name="M:JoyAdmin.Core.Role.HasData(Microsoft.EntityFrameworkCore.DbContext,System.Type)">
            <summary>
            种子数据
            </summary>
            <param name="dbContext"></param>
            <param name="dbContextLocator"></param>
            <returns></returns>
        </member>
        <member name="T:JoyAdmin.Core.RoleSecurity">
            <summary>
            用户和角色关系表
            </summary>
        </member>
        <member name="P:JoyAdmin.Core.RoleSecurity.RoleId">
            <summary>
            角色Id
            </summary>
        </member>
        <member name="P:JoyAdmin.Core.RoleSecurity.SecurityId">
            <summary>
            权限Id
            </summary>
        </member>
        <member name="T:JoyAdmin.Core.Security">
            <summary>
            权限表
            </summary>
        </member>
        <member name="P:JoyAdmin.Core.Security.UniqueCode">
            <summary>
            权限唯一编码
            </summary>
        </member>
        <member name="P:JoyAdmin.Core.Security.UniqueName">
            <summary>
            权限唯一名（每一个接口）
            </summary>
        </member>
        <member name="P:JoyAdmin.Core.Security.Sort">
            <summary>
            排序  
            </summary>
        </member>
        <member name="P:JoyAdmin.Core.Security.Roles">
            <summary>
            多对多
            </summary>
        </member>
        <member name="P:JoyAdmin.Core.Security.RoleSecurities">
            <summary>
            多对多中间表
            </summary>
        </member>
        <member name="M:JoyAdmin.Core.Security.HasData(Microsoft.EntityFrameworkCore.DbContext,System.Type)">
            <summary>
            种子数据
            </summary>
            <param name="dbContext"></param>
            <param name="dbContextLocator"></param>
            <returns></returns>
        </member>
        <member name="T:JoyAdmin.Core.User">
            <summary>
            用户表
            </summary>
        </member>
        <member name="P:JoyAdmin.Core.User.Account">
            <summary>
            账号
            </summary>
        </member>
        <member name="P:JoyAdmin.Core.User.Password">
            <summary>
            密码
            </summary>
        </member>
        <member name="P:JoyAdmin.Core.User.Name">
            <summary>
            名称
            </summary>
        </member>
        <member name="P:JoyAdmin.Core.User.Phone">
            <summary>
            联系方式
            </summary>
        </member>
        <member name="P:JoyAdmin.Core.User.LinkPost">
            <summary>
            职位
            </summary>
        </member>
        <member name="P:JoyAdmin.Core.User.Remark">
            <summary>
            备注
            </summary>
        </member>
        <member name="P:JoyAdmin.Core.User.Roles">
            <summary>
            多对多
            </summary>
        </member>
        <member name="P:JoyAdmin.Core.User.UserRoles">
            <summary>
            多对多中间表
            </summary>
        </member>
        <member name="M:JoyAdmin.Core.User.Configure(Microsoft.EntityFrameworkCore.Metadata.Builders.EntityTypeBuilder{JoyAdmin.Core.User},Microsoft.EntityFrameworkCore.DbContext,System.Type)">
            <summary>
            配置多对多关系
            </summary>
            <param name="entityBuilder"></param>
            <param name="dbContext"></param>
            <param name="dbContextLocator"></param>
        </member>
        <member name="M:JoyAdmin.Core.User.HasData(Microsoft.EntityFrameworkCore.DbContext,System.Type)">
            <summary>
            种子数据
            </summary>
            <param name="dbContext"></param>
            <param name="dbContextLocator"></param>
            <returns></returns>
        </member>
        <member name="T:JoyAdmin.Core.UserRole">
            <summary>
            用户和角色关系表
            </summary>
        </member>
        <member name="P:JoyAdmin.Core.UserRole.UserId">
            <summary>
            用户Id
            </summary>
        </member>
        <member name="P:JoyAdmin.Core.UserRole.RoleId">
            <summary>
            角色Id
            </summary>
        </member>
        <member name="P:JoyAdmin.Core.IPLog.Ip">
            <summary>
            登录ip
            </summary>
        </member>
        <member name="P:JoyAdmin.Core.IPLog.RealIp">
            <summary>
            登录真实ip
            </summary>
        </member>
        <member name="P:JoyAdmin.Core.IPLog.UserAgent">
            <summary>
            UserAgent
            </summary>
        </member>
        <member name="P:JoyAdmin.Core.IPLog.Referer">
            <summary>
            Referer
            </summary>
        </member>
        <member name="P:JoyAdmin.Core.IPLog.UserId">
            <summary>
            用户Id
            </summary>
        </member>
        <member name="P:JoyAdmin.Core.IPLog.UserAccount">
            <summary>
            用户账号
            </summary>
        </member>
        <member name="P:JoyAdmin.Core.IPLog.UserName">
            <summary>
            用户名称
            </summary>
        </member>
        <member name="M:JoyAdmin.Core.HttpHelper.getNetInfo">
            <summary>
            获取用户网络信息
            </summary>
            <returns></returns>
        </member>
        <member name="P:JoyAdmin.Core.NetInfo.Ip">
            <summary>
            ip地址
            </summary>
        </member>
        <member name="P:JoyAdmin.Core.NetInfo.RealIp">
            <summary>
            真实Ip地址
            </summary>
        </member>
        <member name="P:JoyAdmin.Core.NetInfo.UserAgent">
            <summary>
            UserAgent
            </summary>
        </member>
        <member name="P:JoyAdmin.Core.NetInfo.Referer">
            <summary>
            UserAgent
            </summary>
        </member>
        <member name="T:JoyAdmin.Core.AuthorizationManager">
            <summary>
            权限管理器
            </summary>
        </member>
        <member name="F:JoyAdmin.Core.AuthorizationManager._httpContextAccessor">
            <summary>
            请求上下文访问器
            </summary>
        </member>
        <member name="M:JoyAdmin.Core.AuthorizationManager.#ctor(Microsoft.AspNetCore.Http.IHttpContextAccessor,Furion.DatabaseAccessor.IRepository{JoyAdmin.Core.User})">
            <summary>
            构造函数
            </summary>
            <param name="httpContextAccessor"></param> 
            <param name="userRepository"></param>
        </member>
        <member name="M:JoyAdmin.Core.AuthorizationManager.GetUserId">
            <summary>
            获取用户Id
            </summary>
            <returns></returns>
        </member>
        <member name="M:JoyAdmin.Core.AuthorizationManager.GetUserName">
            <summary>
            获取用户名
            </summary>
            <returns></returns>
        </member>
        <member name="M:JoyAdmin.Core.AuthorizationManager.CheckSecurity(System.String)">
            <summary>
            检查权限
            </summary>
            <param name="resourceId"></param>
            <returns></returns>
        </member>
        <member name="T:JoyAdmin.Core.IAuthorizationManager">
            <summary>
            权限管理器
            </summary>
        </member>
        <member name="M:JoyAdmin.Core.IAuthorizationManager.GetUserId">
            <summary>
            获取用户 Id
            </summary>
            <returns></returns>
        </member>
        <member name="M:JoyAdmin.Core.IAuthorizationManager.GetUserName">
            <summary>
            获取用户名称
            </summary>
            <typeparam name="T"></typeparam>
            <returns></returns>
        </member>
        <member name="M:JoyAdmin.Core.IAuthorizationManager.CheckSecurity(System.String)">
            <summary>
            检查授权
            </summary>
            <param name="resourceId"></param>
            <returns></returns>
        </member>
        <member name="P:Furion.DatabaseAccessor.FakeDeleteExtensions.PrimaryKeyName">
            <summary>
            主键名称
            </summary>
        </member>
        <member name="P:Furion.DatabaseAccessor.FakeDeleteExtensions.FakeDeleteColumnName">
            <summary>
            假删除列名
            </summary>
        </member>
        <member name="M:Furion.DatabaseAccessor.FakeDeleteExtensions.FakeDelete``1(Furion.DatabaseAccessor.IPrivateRepository{``0},System.Int64)">
            <summary>
            假删除，根据id删除
            </summary>
        </member>
        <member name="M:Furion.DatabaseAccessor.FakeDeleteExtensions.FakeDelete``1(Furion.DatabaseAccessor.IPrivateRepository{``0},``0)">
            <summary>
            假删除
            </summary>
        </member>
        <member name="M:Furion.DatabaseAccessor.FakeDeleteExtensions.FakeDeleteNow``1(Furion.DatabaseAccessor.IPrivateRepository{``0},System.Int64)">
            <summary>
            假删除立即执行，根据id删除
            </summary>
        </member>
        <member name="M:Furion.DatabaseAccessor.FakeDeleteExtensions.FakeDeleteNow``1(Furion.DatabaseAccessor.IPrivateRepository{``0},``0)">
            <summary>
            假删除立即执行
            </summary>
        </member>
        <member name="M:Furion.DatabaseAccessor.FakeDeleteExtensions.FakeDeleteAsync``1(Furion.DatabaseAccessor.IPrivateRepository{``0},System.Int64)">
            <summary>
            异步假删除
            </summary>
        </member>
        <member name="M:Furion.DatabaseAccessor.FakeDeleteExtensions.FakeDeleteAsync``1(Furion.DatabaseAccessor.IPrivateRepository{``0},``0)">
            <summary>
            异步假删除
            </summary>
        </member>
        <member name="M:Furion.DatabaseAccessor.FakeDeleteExtensions.FakeDeleteAsync``1(``0)">
            <summary>
            异步假删除
            </summary>
        </member>
        <member name="M:Furion.DatabaseAccessor.FakeDeleteExtensions.FakeDeleteNowAsync``1(``0)">
            <summary>
            异步假删除，立即执行
            </summary>
        </member>
        <member name="M:Furion.DatabaseAccessor.FakeDeleteExtensions.FakeDelete``1(``0)">
            <summary>
            假删除
            </summary>
            <typeparam name="TEntity"></typeparam>
            <param name="entity"></param>
        </member>
        <member name="M:Furion.DatabaseAccessor.FakeDeleteExtensions.FakeDeleteNow``1(``0)">
            <summary>
            假删除立即执行
            </summary>
            <typeparam name="TEntity"></typeparam>
            <param name="entity"></param>
        </member>
    </members>
</doc>
