<?xml version="1.0"?>
<doc>
    <assembly>
        <name>JoyAdmin.Web.Core</name>
    </assembly>
    <members>
        <member name="M:JoyAdmin.Web.Core.JwtHandler.PipelineAsync(Microsoft.AspNetCore.Authorization.AuthorizationHandlerContext,Microsoft.AspNetCore.Http.DefaultHttpContext)">
            <summary>
            请求管道
            </summary>
            <param name="context"></param>
            <param name="httpContext"></param>
            <returns></returns>
        </member>
        <member name="M:JoyAdmin.Web.Core.JwtHandler.CheckAuthorzie(Microsoft.AspNetCore.Http.DefaultHttpContext)">
            <summary>
            检查权限
            </summary>
            <param name="httpContext"></param>
            <returns></returns>
        </member>
        <member name="M:JoyAdmin.Web.Core.Provider.RstRProvider.OnResponseStatusCodes(Microsoft.AspNetCore.Http.HttpContext,System.Int32,Furion.UnifyResult.UnifyResultSettingsOptions)">
            <summary>
            处理输出状态码
            </summary>
            <param name="context"></param>
            <param name="statusCode"></param>
            <param name="unifyResultSettings"></param>
            <returns></returns>
        </member>
    </members>
</doc>
